geo_id,name,,,
1374,Abadam,,,
1376,Abala (Camp) (Niger Nationals),,,
1375,Abala Refugee Camp,,,
1377,Abassari,,,
417,Abgadam,,,
1596,Abia,,,
515,Abidjan,,,
1378,Abounga,,,
1719,Abruzzo,,,
234,Ad Damazin,,,
1597,Adamawa,,,
350,Adamawa,,,
359,Adamawa Region,,,
1862,Adan Yabaal,,,
145,Adana,,,
169,Addis Ababa,,,
170,Addis Ababa,,,
1145,Adinkol,,,
143,Adiyaman,,,
144,Adiyaman-Merkez,,,
273,Adjoung Thok,,,
319,Adjumani,,,
832,Adjumani Camp,,,
329,Adjumani Town,,,
1356,Adrar,,,
1253,Adrar,,,
575,Afghanistan (country),,,
1866,Afgooye,,,
1891,Afmadow,,,
787,Africa,,,
1379,Agando (Est.**),,,
1759,Agathonisi,,,
1296,Aïn Defla,,,
1298,Aïn Témouchent,,,
63,Ajloun,,,
62,Ajlun Governorate,,,
136,Akcakale,,,
75,Akkar,,,
239,Akobo,,,
10,Akre Settlement,,,
246,Akula,,,
1599,Akwa Ibom,,,
1560,Al 'Aziziyah,,,
304,Al Agaya,,,
1561,Al Jufrah,,,
307,Al Redis,,,
819,Al Redis II,,,
1562,Al Wahat,,,
1772,Al Waral,,,
23,Al-Obaidi Camp,,,
576,Albania (country),,,
321,Alere,,,
1494,Alexandria,,,
105,Aley,,,
769,Algeria (country),,,
1268,Algiers,,,
360,Alhamdou,,,
1472,Alibori,,,
795,Alinjugur,,,
118,Altinozu Apaydin,,,
119,Altinozu Boynuyogun,,,
120,Altinozu Tekel,,,
424,Amboko,,,
778,American Samoa,,,
48,Amman,,,
47,Amman Governorate,,,
1598,Anambra,,,
21,Anbar,,,
22,Anbar Non-Camp,,,
284,Andari,,,
1442,Anderamboukane,,,
577,Andorra (country),,,
1806,Ango,,,
578,Angola (country),,,
770,Anguilla,,,
1275,Annaba,,,
1521,Annobón Province,,,
1528,Anseba,,,
579,Antigua and Barbuda (country),,,
1720,Aosta Valley,,,
1721,Apulia,,,
64,Aqaba Governorate,,,
65,Aqabah,,,
14,Arbat Permenant Camp,,,
580,Argentina (country),,,
581,Armenia (country),,,
1809,Aru,,,
335,Arua,,,
338,Arua,,,
1563,Ash Shati,,,
1549,Ashanti,,,
230,Ashura,,,
788,Asia,,,
1357,Assaba,,,
229,Assosa,,,
1495,Aswan,,,
1496,Asyut,,,
1473,Atakira,,,
1474,Atlantique,,,
1706,Attica,,,
582,Australia (country),,,
583,Austria (country),,,
1240,Autres localites,,,
173,Aw-barre Refugee Camp,,,
1564,Awbari,,,
1817,Awdal,,,
1691,Ayeyarwady Region,,,
328,Ayilo,,,
1380,Ayourou,,,
1565,Az Zawiyah,,,
1682,Azad Jammu &amp; Kashmir (آزاد کشمیر),,,
584,Azerbaijan (country),,,
42,Azraq Camp,,,
102,Baabda,,,
95,Baalbek,,,
1882,Baardheere,,,
1765,Babil,,,
1093,Babongo,,,
33,Babylon,,,
1646,Badakhshan,,,
1647,Badghis,,,
1892,Badhaadhe,,,
363,Bafouck,,,
1424,Baga Sola,,,
24,Baghdad,,,
1648,Baghlan,,,
1094,Bago,,,
1692,Bago Region,,,
1095,Bagodo,,,
592,Bahamas (country),,,
565,Bahn Ref. Camp,,,
993,Bahr El Gazel,,,
585,Bahrain (country),,,
1829,Baki,,,
1146,Bakombo,,,
1818,Bakool,,,
1381,Balance Negative Niger,,,
1863,Balcad,,,
1649,Balkh,,,
1683,Balochistan (بلوچستان),,,
55,Balqa,,,
54,Balqa Governorate,,,
1435,Bamako,,,
407,Bambari,,,
233,Bambasi,,,
980,Bamingui-Bangoran,,,
1650,Bamyan,,,
809,Banadir,,,
1894,Banadir,,,
1844,Bandarbeyla,,,
1147,Bandongoue,,,
959,Bandundu,,,
591,Bangladesh (country),,,
402,Bangui,,,
1742,Bangui,,,
1566,Bani Walid,,,
1382,Banibangou (Ind. Reg.*),,,
1543,Banjul,,,
817,Bar El Ghazal,,,
1867,Baraawe,,,
913,Baraka (Rural Area),,,
1316,Barani,,,
324,Baratuku,,,
586,Barbados (country),,,
1096,Barde,,,
206,Bari,,,
1231,Barka Lamou,,,
1383,Baroua,,,
512,Bas-Sassandra,,,
513,Bas-Sassandra,,,
1778,Bas-Uele,,,
1722,Basilicata,,,
18,Basirma Camp,,,
32,Basrah,,,
969,Basse-Kotto,,,
1370,Bassikounou,,,
456,Bata I,,,
446,Bata II,,,
1051,Batalimo,,,
989,Batha,,,
1257,Batna,,,
1148,Batouri,,,
1600,Bauchi,,,
1822,Bay,,,
1872,Baydhaba,,,
1601,Bayelsa,,,
1149,Bazzama,,,
82,Bcharreh,,,
433,Beakoro,,,
1097,Bebarang,,,
1260,Béchar,,,
429,Bedakoussang,,,
431,Bedara,,,
435,Bedgue,,,
1150,Bedobo,,,
1497,Beheira,,,
83,Beirut,,,
84,Beirut,,,
1258,Béjaïa,,,
1098,Beka,,,
453,Beka Massa,,,
93,Bekaa,,,
99,Bekaa,,,
426,Bekan,,,
438,Bekandja,,,
1151,Beke Chantier,,,
434,Bekole,,,
443,Bekoninga,,,
440,Bekourou,,,
463,Bekourou,,,
1152,Bela,,,
595,Belarus (country),,,
1153,Belebina,,,
1099,Belel,,,
201,Belet Weyne,,,
1883,Belet Xaawo,,,
588,Belgium (country),,,
1154,Belimbam,,,
1155,Belita II,,,
602,Belize (country),,,
460,Belôm,,,
432,Bembaindi,,,
1567,Benghazi,,,
1454,Bengo,,,
1455,Benguela,,,
1584,Béni Mellal-Khénifra,,,
1498,Beni Suef,,,
589,Benin (country),,,
797,Benishangul-Gumuz,,,
90,Bent Jbayl,,,
1602,Benue,,,
1802,Berbera,,,
590,Bermuda,,,
1156,Bertoua,,,
354,BetarÃ© Oya,,,
1157,Bétaré-Oya,,,
439,Bethanie,,,
436,Bethel,,,
1743,Betou,,,
478,Betou (Outside of Camp),,,
480,Betou Refugee Camp,,,
148,Beydagi,,,
593,Bhutan (country),,,
954,Biaka/Kotakoli,,,
1456,Bié,,,
1100,Bigoro,,,
1815,Bili (axe Sidi et Dula),,,
955,Bili Refugee Camp,,,
1101,Bimbappe,,,
1102,Bindiba,,,
1158,Bindiba,,,
1522,Bioko Norte Province,,,
1523,Bioko Sur Province,,,
1812,Biringi,,,
1259,Biskra,,,
1746,Bitoï II,,,
425,Bitoye,,,
1748,Bitoye,,,
1261,Blida,,,
299,Blue Nile,,,
300,Blue Nile,,,
1324,Bobo-Dioulasso (urban),,,
1103,Boforo,,,
1347,Boké Region,,,
162,Bokolmanyo Refugee Camp,,,
596,Bolivia (Plurinational State of) (country),,,
381,Bombe Bakari,,,
1159,Bombe Chateau,,,
1160,Bombe Pana,,,
1814,Bondo,,,
1813,Bondo &amp; Ango (villages),,,
1897,Boondhere,,,
1828,Borama,,,
1739,Border-crossing locations,,,
1286,Bordj Bou Arréridj,,,
355,Borgop,,,
1475,Borgou,,,
994,Borkou,,,
1603,Borno,,,
322,Boroli,,,
600,Bosnia and Herzegovina (country),,,
956,Bosobolo,,,
403,Bossangoa,,,
203,Bossaso,,,
1384,Bosso,,,
597,Botswana (country),,,
405,Bouar,,,
1161,Boubara,,,
1303,Boucle du Mouhoun,,,
1055,Bouenza,,,
1162,Bougogo,,,
1262,Bouira,,,
1385,Boulabrine,,,
1386,Boulagana,,,
1163,Boulembe,,,
1164,Bouli,,,
1287,Boumerdès,,,
493,Boyabu (Outside of camp),,,
492,Boyabu Refugee Camp,,,
1358,Brakna,,,
598,Brazil (country),,,
485,Brazzaville,,,
771,British Virgin Islands,,,
1550,Brong Ahafo,,,
599,Brunei Darussalam (country),,,
1887,Bu'aale,,,
1026,Bubanza,,,
1015,Bugesera,,,
1741,Bujumbura,,,
1027,Bujumbura Mairie,,,
1028,Bujumbura Rural,,,
1068,Bukavu,,,
857,Bukililo (way-station),,,
601,Bulgaria (country),,,
1859,Bulo Burto,,,
168,Buramino Refugee Camp,,,
247,Burbiey,,,
242,Burbiey Transit site,,,
1833,Burco,,,
594,Burkina Faso (country),,,
1849,Burtinle,,,
587,Burundi (country),,,
1029,Bururi,,,
1047,Butare,,,
1559,Butnan,,,
1834,Buuhoodle,,,
1873,Buur Hakaba,,,
1048,Bwagiriza,,,
914,Bwegera (Rural Area),,,
1457,Cabinda,,,
615,Cabo Verde (country),,,
216,Cabudwaaq,,,
1856,Cadaado,,,
1864,Cadale,,,
1499,Cairo,,,
1723,Calabria,,,
1845,Caluula,,,
603,Cambodia (country),,,
349,Cameroon (country),,,
1327,Camp de Sag-Nioniogo,,,
1724,Campania,,,
604,Canada (country),,,
1030,Cankuzo,,,
1585,Casablanca-Settat,,,
1304,Cascades,,,
605,Cayman Islands,,,
1838,Caynabo,,,
1842,Ceel Afweyn,,,
1877,Ceel Barde,,,
1857,Ceel Buur,,,
1858,Ceel Dheer,,,
1884,Ceel Waaq,,,
1841,Ceerigaabo,,,
1551,Central,,,
1076,Central,,,
1529,Central,,,
399,Central African Republic (country),,,
1484,Central District,,,
1707,Central Greece,,,
1708,Central Macedonia,,,
223,Central Region,,,
1544,Central River,,,
1305,Centre,,,
388,Centre,,,
1306,Centre-Est,,,
1307,Centre-Nord,,,
1308,Centre-Ouest,,,
1309,Centre-Sud,,,
1524,Centro Sur Province,,,
1750,Ceuta,,,
135,Ceylanpinar,,,
410,Chad (country),,,
990,Chari-Baguirmi,,,
1387,Chigoumar,,,
607,Chile (country),,,
1693,Chin State,,,
606,China (country),,,
1388,Chinegodrar (Ind. Reg.*),,,
1389,Chinwaren (Est.**),,,
1755,Chios,,,
1254,Chlef,,,
1485,Chobe District,,,
1425,Choua,,,
104,Chouf,,,
1031,Cibitoke,,,
1476,Collines,,,
612,Colombia (country),,,
1165,Colomine,,,
516,Comoe,,,
517,Comoe,,,
610,Comoros (country),,,
1348,Conakry Region,,,
476,Congo (Brazzaville) (country),,,
1277,Constantine,,,
611,Cook Islands,,,
1077,Copperbelt,,,
613,Costa Rica (country),,,
509,Cote d'Ivoire (country),,,
1709,Crete,,,
648,Croatia (country),,,
1604,Cross River,,,
1458,Cuando Cubango,,,
1459,Cuanza Norte,,,
1460,Cuanza Sul,,,
614,Cuba (country),,,
1461,Cunene,,,
1058,Cuvette,,,
1059,Cuvette-Ouest,,,
46,Cyber City Refugee Camp,,,
616,Cyprus (country),,,
617,Czech Republic (country),,,
818,Dabat Bosin,,,
179,Dadaab,,,
185,Dadaab Host Community,,,
180,Dagahaley Ref. Camp,,,
1242,Daha I,,,
1243,Daha II,,,
6,Dahuk,,,
1500,Dakahlia,,,
1632,Dakar,,,
1104,Dakere,,,
1586,Dakhla-Oued Ed-Dahab[A],,,
1359,Dakhlet Nouadhibou,,,
1501,Damietta,,,
362,Damissa,,,
474,Danamadja,,,
1166,Dang-Patou,,,
1426,Dar Es Salam,,,
20,Darashakran Camp,,,
825,Darfur,,,
1568,Darnah,,,
1651,Daykundi,,,
1605,Delta,,,
444,Dembo,,,
663,Democratic People's Republic of Korea (country),,,
486,Democratic Republic of the Congo (country),,,
520,Denguele,,,
618,Denmark (country),,,
1330,Deou (hors camp),,,
1855,Dhuusamarreeb,,,
1246,Diamaré,,,
1331,Dibissi (hors camp),,,
361,Diel,,,
1390,Diffa Region,,,
1105,Digou Adamou,,,
1874,Diinsoor,,,
464,Dilingala,,,
1633,Diourbel,,,
1106,Dip,,,
1107,Dir,,,
124,Dispersed in Hatay Province,,,
514,District Autonome d'Abidjan,,,
530,District Autonome Yamoussoukro,,,
28,Diyala,,,
420,Djabal,,,
1232,Djakone,,,
1108,Djalingo,,,
1109,Djallo,,,
1110,Djaoro Mone,,,
1269,Djelfa,,,
1332,Djibo,,,
151,Djibouti (country),,,
1111,Djohong,,,
447,Doba,,,
1239,Doholo,,,
161,Dollo Ado,,,
167,Dollo Ado Reception Center,,,
165,Dollo Ado Transit Center,,,
619,Dominica (country),,,
620,Dominican Republic (country),,,
8,Domiz 1 Camp,,,
11,Domiz 2 Camp,,,
1233,Dompla,,,
428,Don,,,
1167,Dondoube,,,
1478,Donga,,,
1885,Doolow,,,
261,Doro,,,
422,Dosseye,,,
391,Douala,,,
465,Doubadene,,,
455,Doubadene IV,,,
467,Doyaba,,,
1587,Drâa-Tafilalet,,,
7,Duhok Non-Camp,,,
1807,Dungu,,,
556,Duogee Ref. Camp,,,
327,Dzaipi TC,,,
372,East,,,
414,East Border,,,
309,East Darfur,,,
379,East Region,,,
1552,Eastern,,,
1078,Eastern,,,
988,Eastern,,,
1710,Eastern Macedonia and Thrace,,,
801,Eastern Region,,,
1606,Ebonyi,,,
621,Ecuador (country),,,
1608,Edo,,,
1,Egypt (country),,,
1609,Ekiti,,,
79,El Batroun,,,
1284,El Bayadh,,,
98,El Hermel,,,
305,El Kashafa,,,
78,El Koura,,,
820,El Kuek crossing,,,
298,El Leri West,,,
101,El Meten,,,
77,El Minieh-Dennie,,,
821,El Mquiens crossing,,,
830,El Obeid,,,
1291,El Oued,,,
720,El Salvador (country),,,
1288,El Taref,,,
1445,El-khalil,,,
127,Elbeyli Beseriye,,,
330,Elema,,,
1725,Emilia-Romagna,,,
41,Emirati Jordanian Camp (Murijep al Fhoud),,,
995,Ennedi-Est,,,
996,Ennedi-Ouest,,,
1607,Enugu,,,
479,Enyellé,,,
1711,Epirus,,,
958,Equateur,,,
489,Equateur,,,
814,Equatoria,,,
622,Equatorial Guinea (country),,,
15,Erbil,,,
16,Erbil Non-Camp,,,
157,Eritrea (country),,,
851,Erushinga (way-station),,,
1310,Est,,,
623,Estonia (country),,,
1534,Estuaire,,,
160,Ethiopia (country),,,
789,Europe,,,
1763,Evros,,,
1850,Eyl,,,
281,Ezo,,,
364,Fada,,,
1502,Faiyum,,,
772,Falkland Islands (Malvinas),,,
1088,Far North,,,
1808,Faradje,,,
1652,Farah,,,
1349,Faranah Region,,,
630,Faroe Islands,,,
1653,Faryab,,,
1371,Fassala / Néré,,,
1634,Fatick,,,
1684,Federally Administered Tribal Areas (وفاقی قبائلی علاقہ جات),,,
1588,Fès-Meknès,,,
625,Fiji (country),,,
626,Finland (country),,,
629,France (country),,,
624,French Guiana,,,
628,French Polynesia,,,
1726,Friuli-Venezia Giulia,,,
560,G. G. Communities,,,
205,Gaalkacyo,,,
632,Gabon (country),,,
1112,Gadi Foulbe,,,
374,Gado-Badzere,,,
1168,Gado-Badzere,,,
1169,Gaina,,,
1851,Galdogob,,,
810,Galgaduud,,,
235,Gambela,,,
633,Gambia (country),,,
1391,Gamgara 1,,,
1392,Gamgara 2,,,
1333,Gandafabou Kélwélé,,,
1113,Gandinang,,,
1170,Gandong,,,
1440,Gao,,,
1393,Gaoudel (Est.**),,,
1881,Garbahaarey,,,
1114,Garga Libona,,,
1115,Garga Pela,,,
1171,Garga Sarali,,,
383,Gari Gombo,,,
1172,Gari-Gombo,,,
1394,Garin Amadou,,,
794,Garissa,,,
376,Garoua Boulai,,,
1173,Garoua-Boulai,,,
204,Garowe,,,
1530,Gash-Barka,,,
1016,Gatore,,,
9,Gawilan Camp,,,
1116,Gazi,,,
128,Gaziantep,,,
132,Gaziantep Province Non-Camp Refugees,,,
1174,Gbabio,,,
1175,Gbakim,,,
1117,Gbata,,,
358,Gbatoua Ngodole,,,
377,Gbiti,,,
1176,Gbiti,,,
1832,Gebiley,,,
1819,Gedo,,,
266,Gendrassa,,,
635,Georgia (country),,,
636,Germany (country),,,
1569,Ghadamès,,,
637,Ghana (country),,,
1486,Ghanzi District,,,
1503,Gharbia,,,
1299,Ghardaïa,,,
1570,Gharyan,,,
1654,Ghazni,,,
1655,Ghor,,,
638,Gibraltar,,,
1019,Gihembe,,,
1685,Gilgit-Baltistan (autonomous territory) (گلگت بلتستان),,,
1032,Gitega,,,
1504,Giza,,,
176,Gode,,,
177,Gode,,,
525,Goh Djiboua,,,
526,Goh Djiboua,,,
1014,Goma,,,
1118,Gomana,,,
1610,Gombe,,,
423,Gondje,,,
1360,Gorgol,,,
1119,Goro,,,
290,Gorom,,,
1326,Gorom-Gorom (réfugiés urbain),,,
1328,Goudoubo Refugee Camp,,,
1120,Goundjel,,,
1334,Gountouré Gnegne (hors camp),,,
416,Goz Amir,,,
555,Grand Gedeh,,,
457,Grand Sido,,,
1553,Greater Accra,,,
815,Greater Upper Nile,,,
640,Greece (country),,,
785,Greenland,,,
641,Grenada (country),,,
1177,Gribi,,,
775,Guam,,,
642,Guatemala (country),,,
1276,Guelma,,,
1589,Guelmim-Oued Noun[A],,,
997,Guéra,,,
449,Guidikouti,,,
1361,Guidimaka,,,
643,Guinea (country),,,
639,Guinea-Bissau (country),,,
351,Guiwa I,,,
352,Guiwa II,,,
353,Guiwa III,,,
1178,Guiwa Yangamo,,,
644,Guyana (country),,,
991,Hadjer-Lamis,,,
181,Hagadera Ref. Camp,,,
645,Haiti (country),,,
1427,Hakoui Tchilouma,,,
1895,Hamar Weyne,,,
458,Haraze,,,
210,Hargeysa,,,
137,Harran Kokenli Container City,,,
91,Hasbaiya,,,
117,Hatay,,,
1795,Haut-Katanga,,,
1796,Haut-Lomami,,,
977,Haut-Mbomou,,,
1535,Haut-Ogooué,,,
1779,Haut-Uele,,,
979,Haute-Kotto,,,
1311,Hauts-Bassins,,,
396,Helboa,,,
1656,Helmand,,,
1657,Herat,,,
166,Hilaweyn Refugee Camp,,,
811,Hiraan,,,
573,History figures,,,
574,History Figures,,,
1852,Hobyo,,,
1362,Hodh Ech Chargui,,,
1363,Hodh El Gharbi,,,
341,Hoima,,,
452,Hollo,,,
756,Holy See (country),,,
647,Honduras (country),,,
646,Hong Kong,,,
915,Hongero (Rural Area),,,
1335,Hors Camp Férério,,,
1336,Hors Camp Oudalan,,,
1338,Hors Camp Soum (old),,,
1339,Hors Camp Soum (Old1),,,
1325,Houet/Autres,,,
1462,Huambo,,,
1463,Huila,,,
649,Hungary (country),,,
1020,Huye,,,
650,Iceland (country),,,
1069,Idjwi,,,
1803,Idomeni,,,
183,Ifo 2 Ref. Camp,,,
186,Ifo 2 West Ref. Camp,,,
182,Ifo Ref. Camp,,,
1428,Iles,,,
1395,Iles-Lac-Tchad-Niger,,,
1285,Illizi,,,
1611,Imo,,,
481,Impfondo,,,
1340,Inabao,,,
1364,Inchiri,,,
651,India (country),,,
652,Indonesia (country),,,
491,Inke (Outside of camp),,,
490,Inke Refugee Camp,,,
1396,Intadabdab,,,
1398,Intikane (Zone d'accueil) (Niger Nationals),,,
1397,Intikane Hosting Area,,,
1443,Intillit Gao,,,
1446,Intillit Kidal,,,
1712,Ionian Islands,,,
654,Iran (Islamic Republic of) (country),,,
5,Iraq (country),,,
44,Irbid,,,
43,Irbid Governorate,,,
653,Ireland (country),,,
838,Isingiro,,,
1846,Iskushuban,,,
129,Islahiye,,,
1686,Islamabad Capital Territory (federal capital territory) (وفاقی دارالحکومت),,,
1505,Ismailia,,,
655,Israel (country),,,
656,Italy (country),,,
1780,Ituri,,,
1571,Jabal al Akhdar,,,
1860,Jalalaqsi,,,
1893,Jamaame,,,
657,Jamaica (country),,,
264,Jamam,,,
658,Japan (country),,,
59,Jarash,,,
58,Jarash Governorate,,,
1853,Jariiban,,,
106,Jbeil,,,
1179,Jericho,,,
798,Jewi,,,
92,Jezzine,,,
1612,Jigawa,,,
1270,Jijel,,,
172,Jijiga,,,
1888,Jilib,,,
822,Joda crossing,,,
36,Jordan (country),,,
69,Jordan,,,
70,Jordan,,,
306,Jouri,,,
1861,Jowhar,,,
1658,Jowzjan,,,
291,Juba,,,
1816,Jubaland,,,
142,K.Maras-Merkez,,,
303,K10,,,
451,Kaba III,,,
916,Kaberagule (Rural Area),,,
1399,Kablewa,,,
1659,Kabul,,,
1694,Kachin State,,,
1321,Kadiogo/Autre,,,
1613,Kaduna,,,
1635,Kaffrine,,,
1506,Kafr el-Sheikh,,,
917,Kagando (Rural Area),,,
841,Kagera,,,
918,Kagurube (Rural Area),,,
141,Kahramanmaras,,,
1429,Kaiga et Kinjira,,,
190,Kakuma,,,
191,Kakuma Refugee Camp,,,
1070,Kalehe,,,
1012,Kalemie,,,
1760,Kalymnos,,,
919,Kamanyola (Rural Area),,,
1180,Kambele,,,
184,Kambioos Ref. Camp,,,
344,Kampala,,,
833,Kamwenge,,,
1660,Kandahar,,,
998,Kanem,,,
858,Kanembwa,,,
1430,Kangalam,,,
920,Kangeta (Rural Area),,,
1350,Kankan Region,,,
1614,Kano,,,
1636,Kaolack,,,
1661,Kapisa,,,
859,Karago,,,
57,Karak,,,
56,Karak Govenorate,,,
1431,Karam,,,
130,Karkamis,,,
1033,Karuzi,,,
1790,Kasai,,,
1791,Kasai Central,,,
1794,Kasai Oriental,,,
961,Kasai-Occidental,,,
962,Kasai-Oriental,,,
921,Kasaka (Rural Area),,,
827,Kassala,,,
1764,Kastellorizo,,,
850,Kasulu,,,
963,Katanga,,,
499,Katanga,,,
922,Katanga (Rural Area),,,
923,Katogota (Rural Area),,,
1615,Katsina,,,
924,Kavinvira,,,
1044,Kavumu,,,
17,Kawergosk Camp,,,
267,Kaya,,,
1695,Kayah State,,,
1034,Kayanza,,,
1433,Kayes,,,
1696,Kayin State,,,
659,Kazakhstan (country),,,
1616,Kebbi,,,
174,Kebribeyah Refugee Camp,,,
1637,Kédougou,,,
1121,Kela Sami,,,
970,Kémo,,,
375,Kentzou,,,
1181,Kentzou,,,
178,Kenya (country),,,
925,Kenya (Rural Area),,,
29,Kerbala,,,
419,Kerfi,,,
103,Kesrwane,,,
1182,Ketté,,,
1487,Kgalagadi District,,,
1488,Kgatleng District,,,
310,Khartoum,,,
311,Khartoum,,,
1292,Khenchela,,,
1572,Khoms,,,
1662,Khost,,,
1687,Khyber Pakhtunkhwa (province),,,
852,Kibondo,,,
860,Kibondo (way-station),,,
1441,Kidal,,,
1525,Kié-Ntem Province,,,
984,Kigali,,,
1021,Kigeme,,,
843,Kigoma,,,
853,Kigoma,,,
864,Kigoma (way-station/stadium),,,
854,Kilelema (way-station),,,
926,Kiliba (Rural Area),,,
125,Kilis,,,
126,Kilis, Oncupinar Container site,,
927,Kimuka (Rural Area),,,
1045,Kinama,,,
928,Kinanira (Rural Area),,,
1351,Kindia Region,,,
45,King Abdullah Park Refugee Camp,,,
501,Kinshasa,,,
502,Kinshasa,,,
661,Kiribati (country),,,
25,Kirkuk,,,
26,Kirkuk Non-Camp Refugees,,,
1035,Kirundo,,,
835,Kiryandongo,,,
340,Kiryandongo,,,
1890,Kismaayo,,,
1373,Kizamou (Ind. Reg.*),,,
1024,Kiziba,,,
164,Kobe Refugee Camp,,,
1073,Koboko,,,
816,Kodok,,,
1617,Kogi,,,
1638,Kolda,,,
466,Koldaga,,,
1448,Koloko Koulikoro,,,
1450,Koloko Segou,,,
430,Komba,,,
365,Kombo Laka,,,
1183,Komboul,,,
960,Kongo Central,,,
1754,Kos,,,
1317,Kossi/Autres Sites,,,
1184,Kouba,,,
427,Koubo,,,
1052,Kouilou,,,
1434,Koulikoro,,,
1122,Kounde,,,
1341,Koutougou,,,
1400,Koutougou (Ind. Reg.*),,,
929,Kringye (Rural Area),,,
1573,Kufra,,,
245,Kule,,,
1663,Kunar,,,
1664,Kunduz,,,
1477,Kuoffo,,,
824,Kurdufan,,,
1868,Kurtunwaarey,,,
664,Kuwait (country),,,
1784,Kwango,,,
1618,Kwara,,,
1185,Kwele,,,
1489,Kweneng District,,,
1783,Kwilu,,,
1075,Kyaka II,,,
837,Kyaka II,,,
930,kyamate (Rural Area),,,
342,Kyangwali,,,
836,Kyegegwa,,,
345,Kyegegwa,,,
660,Kyrgyzstan (country),,,
1837,Laas Caanood,,,
1843,Laasqoray,,,
1590,Laâyoune-Sakia El Hamra[A],,,
1352,Labé Region,,,
999,Lac,,,
532,Lacs,,,
1665,Laghman,,,
1255,Laghouat,,,
1619,Lagos,,,
528,Lagunes,,,
529,Lagunes,,,
1123,Lamou,,,
665,Lao People's Democratic Republic (country),,,
289,Lasu,,,
673,Latvia (country),,,
1727,Lazio,,,
71,Lebanon (country),,,
240,Leitchuor,,,
1054,Lékoumou,,,
268,Lelo,,,
1451,Léré,,,
1757,Leros,,,
668,Lesotho (country),,,
1753,Lesvos,,,
1805,Libenge,,,
535,Liberia (country),,,
380,Libongo,,,
1186,Libongo,,,
666,Libya (country),,,
669,Liechtenstein (country),,,
1728,Liguria,,,
477,Likouala,,,
671,Lithuania (country),,,
1526,Litoral Province,,,
562,Little Wlebo Ref. Camp,,,
390,Littoral,,,
1479,Littoral,,,
974,Lobaye,,,
1666,Logar,,,
1000,Logone Occidental,,,
421,Logone Oriental,,,
1247,Logone-et-Chari,,,
1124,Lokoti,,,
373,Lolo,,,
1187,Lolo,,,
1793,Lomami,,,
1729,Lombardy,,,
1639,Louga,,,
1061,Loukolela,,,
1820,Lower Juba,,,
1545,Lower River,,,
1823,Lower Shabelle,,,
1798,Lualaba,,,
1464,Luanda,,,
1079,Luapula,,,
931,Lubarika (Rural Area),,,
932,Luberizi (Rural Area),,,
1062,Lubero,,,
500,Lubumbashi,,,
1830,Lughaye,,,
848,Lukole A,,,
849,Lukole B,,,
1013,Lukolo (Rural Area),,,
847,Lumasi,,,
1465,Lunda Norte,,,
1466,Lunda Sul,,,
1080,Lusaka,,,
933,Lusenda,,,
1886,Luuq,,,
934,Luvungi (Rural Area),,,
672,Luxembourg (country),,,
1507,Luxor,,,
1280,M Sila,,,
384,M'Bile,,,
331,Maaji,,,
50,Maan,,,
49,Maan Governorate,,,
861,Mabamba (way-station),,,
674,Macau,,,
61,Madaba,,,
60,Madaba Governorate,,,
675,Madagascar (country),,,
52,Mafraq,,,
51,Mafraq Governorate,,,
1697,Magway Region,,,
1017,Mahama,,,
1782,Mai-Ndombe,,,
1667,Maidan Wardak,,,
475,Maigama,,,
454,Maindou I, Mbetikandja, Mainbere,
1401,Maine Soroa,,,
1749,Mainland Andalucia,,,
1752,Mainland Eastern Mediterranean,,,
1036,Makamba,,,
282,Makpandu,,,
262,Malakal,,,
1467,Malanje,,,
147,Malatya,,,
686,Malawi (country),,,
685,Malaysia (country),,,
681,Maldives (country),,,
684,Mali (country),,,
690,Malta (country),,,
983,Mambéré-Kadéï,,,
1353,Mamou Region,,,
1402,Mamouri,,,
1234,Man Regara,,,
1698,Mandalay Region,,,
1188,Mandjou,,,
409,Mandoul,,,
461,Mandoul,,,
1404,Mangaize (Camp) (Niger Nationals),,,
1403,Mangaize Refugee Camp,,,
965,Maniema,,,
855,Manyovu (way-station),,,
1730,Marche,,,
149,Mardin,,,
287,Maridi,,,
1574,Marj,,,
88,Marjaayoun,,,
1865,Marka,,,
413,Maro,,,
1591,Marrakesh-Safi,,,
683,Marshall Islands (country),,,
676,Martinique,,,
561,Maryland,,,
563,Maryland Communities,,,
1281,Mascara,,,
1063,Masisi,,,
1640,Matam,,,
243,Matar,,,
437,Matiti,,,
1508,Matruh,,,
677,Mauritania (country),,,
692,Mauritius (country),,,
1248,Mayo-Danay,,,
1249,Mayo-Kani,,,
1003,Mayo-Kebbi Est,,,
1004,Mayo-Kebbi Ouest,,,
1250,Mayo-Sava,,,
1251,Mayo-Tsanaga,,,
768,Mayotte,,,
1087,Mayukwayukwa,,,
393,Mbai-mboum,,,
1125,Mbale,,,
1126,Mbarang,,,
1405,Mbeidoun (Est.**),,,
1406,Mbeidoun (Est.**),,,
1369,Mbéra Refugee Camp,,,
1127,Mbewe,,,
1189,MBile,,,
1235,Mbodo,,,
935,Mboko (Rural Area),,,
1190,Mbomba,,,
1191,Mbombete,,,
968,Mbomou,,,
1128,Mbondo,,,
1192,Mbonga,,,
1193,Mborguene,,,
1066,Mboti (Outside of camp),,,
498,Mboti (Outside of camp),,,
1067,Mboti Refugee Camp,,,
497,Mboti Refugee Camp,,,
1129,Mboula,,,
1194,Mbouma,,,
1195,Mboumama,,,
382,Mboy,,,
1196,Mboy,,,
1278,Médéa,,,
1086,Meheba,,,
1130,Meidougou,,,
1131,Meiganga,,,
1751,Melilla,,,
163,Melkadida Refugee Camp,,,
1444,Menaka,,,
1329,Mentao Refugee Camp,,,
1811,Meri,,,
682,Mexico (country),,,
631,Micronesia (Federated States of) (country),,,
1821,Middle Juba,,,
1824,Middle Shabelle,,,
150,Midyat,,,
1407,Miel (Ind. Reg.*),,,
936,Migina (Rural Area),,,
1132,Mikila,,,
1295,Mila,,,
1197,Mimbang,,,
1252,Minawao Camp,,,
1744,Mini,,,
1509,Minya,,,
323,Mirieyi,,,
1575,Misratah,,,
1766,Missan,,,
957,Mobayi Mbongo,,,
1198,Mobe,,,
193,Mogadishu,,,
1199,Moinam,,,
445,Moissala,,,
495,Mole (Outside of camp),,,
494,Mole Refugee Camp,,,
1731,Molise,,,
1200,Mombal,,,
1699,Mon State,,,
679,Monaco (country),,,
1776,Mongala,,,
687,Mongolia (country),,,
332,Mongula,,,
1480,Mono,,,
510,Montagnes,,,
511,Montagnes,,,
691,Montenegro (country),,,
571,Montserrado,,,
773,Montserrat,,,
1510,Monufia,,,
1438,Mopti,,,
292,Morobo,,,
688,Morocco (country),,,
1279,Mostaganem,,,
10000,Mosul,,,
100,Mount Lebanon,,,
107,Mount Lebanon,,,
1576,Mourzouq,,,
1468,Moxico,,,
472,Moyen-Chari,,,
1536,Moyen-Ogooué,,,
459,Moyo,,,
689,Mozambique (country),,,
862,Mtendeli,,,
1074,Mubende,,,
1081,Muchinga,,,
207,Mudug,,,
1022,Mugombwa,,,
937,Mulongwe (Rural Area),,,
1037,Muramvya,,,
1046,Musasa,,,
938,Musenyi (Rural Area),,,
939,Mutarule (Rural Area),,,
1767,Muthanna,,,
1038,Muyinga,,,
1039,Mwaro,,,
1071,Mwenga,,,
693,Myanmar (country),,,
1408,N Guel Kolo,,,
1241,N'Djamena,,,
1297,Naama,,,
283,Naandi,,,
1133,Nabemo,,,
187,Nairobi,,,
188,Nairobi,,,
27,Najaf,,,
839,Nakivale,,,
1810,Nambili,,,
1469,Namibe,,,
694,Namibia (country),,,
982,Nana-Grébizi,,,
971,Nana-Mambéré,,,
448,Nanabaria,,,
1201,Nandoungue,,,
1668,Nangarhar,,,
1620,Nasarawa,,,
1342,Nassoumbo,,,
702,Nauru (country),,,
1700,Naypyidaw Union Territory,,,
1202,Ndanga-Gandima,,,
408,Ndele,,,
1203,Ndélélé,,,
395,Ndjakone,,,
468,Ndjamena,,,
1204,Ndokayo,,,
441,Ndoubah Sah,,,
940,Ndunda (Rural Area),,,
863,Nduta,,,
1372,Néma,,,
695,Nepal (country),,,
696,Netherlands (country),,,
1511,New Valley,,,
703,New Zealand (country),,,
367,Ngam,,,
356,Ngaoui,,,
1134,Ngaoundal,,,
1135,Ngaoundere,,,
842,Ngara,,,
386,Ngari-singo,,,
1205,Ngarisingo,,,
1136,Ngassiri,,,
1137,Ngazi,,,
1244,Ngouboua,,,
1537,Ngounié,,,
1206,Ngoura,,,
1040,Ngozi,,,
1409,NGUELDAGOUME,,,
1207,Nguindi,,,
1138,Ngunbela,,,
1452,Niafounké,,,
1410,Niamey,,,
1053,Niari,,,
698,Nicaragua (country),,,
1621,Niger,,,
697,Niger (country),,,
699,Nigeria (country),,,
564,Nimba,,,
567,Nimba Communities,,,
1669,Nimruz,,,
30,Ninewa,,,
31,Ninewa Non-Camp Refugees,,,
251,Nip Nip,,,
700,Niue,,,
131,Nizip 1 Tent Camp,,,
133,Nizip 2 Container City,,,
1072,NMC Transit Center,,,
1312,Nord,,,
966,Nord-Kivu,,,
1775,Nord-Ubangi,,,
779,Norfolk Island,,,
392,North,,,
1713,North Aegean,,,
790,North America,,,
1546,North Bank,,,
793,North Eastern,,,
828,North Kordofan,,,
74,North Lebanon,,,
81,North Lebanon,,,
397,North Region,,,
1512,North Sinai,,,
1490,North-East District,,,
1491,North-West District,,,
1083,North-Western,,,
1554,Northern,,,
1082,Northern,,,
831,Northern,,,
987,Northern,,,
776,Northern Mariana Islands,,,
1531,Northern Red Sea,,,
802,Northern Region,,,
1089,Northwest,,,
701,Norway (country),,,
1365,Nouakchott,,,
627,Nouvelle Caledonie,,,
812,Nugaal,,,
1577,Nuqat al Khams,,,
1670,Nuristan,,,
1208,Nyabi,,,
1018,Nyabiheke,,,
1025,Nyagatare,,,
1139,Nyambaka,,,
941,Nyamutiri (Rural Area),,,
1538,Nyanga,,,
1023,Nyanza,,,
856,Nyarugusu Camp,,,
271,Nyeel,,,
320,Nyumanzi 1,,,
326,Nyumanzi RC,,,
1354,Nzérékoré Region,,,
1049,Obo et M'Boki,,,
337,Ocea,,,
791,Oceania,,,
1539,Ogooué-Ivindo,,,
1540,Ogooué-Lolo,,,
1541,Ogooué-Maritime,,,
1622,Ogun,,,
238,Okugo,,,
325,Olua,,,
704,Oman (country),,,
975,Ombella-MPoko,,,
1623,Ondo,,,
1283,Oran,,,
1592,Oriental,,,
967,Orientale,,,
840,Oruchinga,,,
139,Osmaniye,,,
140,Osmaniye Cevdetiye,,,
1624,Osun,,,
10005,Other,,,
10004,Other (Sub-Saharan Africa) (country),,,
1006,Ouaddaï,,,
1322,Ouagadougou,,,
978,Ouaka,,,
1282,Ouargla,,,
1481,Ouémé,,,
1245,Ouesso/Pokola,,,
972,Ouham,,,
976,Ouham-Pendé,,,
1209,Ouli,,,
1256,Oum el-Bouaghi,,,
1210,Oundjiki,,,
1140,Ouro Adde,,,
1211,Ouro Idje,,,
394,Ouro Souley,,,
1344,Oursi/Autres,,,
1343,Out of Camp Oudalan,,,
1337,Out of Camp Soum,,,
1835,Owdweyne,,,
1625,Oyo,,,
241,Pagak,,,
333,Pakelle,,,
705,Pakistan (country),,,
1671,Paktia,,,
1672,Paktika,,,
710,Palau (country),,,
248,Pamdong,,,
1212,Pana,,,
706,Panama (country),,,
1673,Panjshir,,,
404,Paoua,,,
711,Papua New Guinea (country),,,
707,Paraguay (country),,,
272,Pariang,,,
1674,Parwan,,,
1714,Peloponnese,,,
708,Peru (country),,,
1213,Petit Ngaoundéré,,,
709,Philippines (country),,,
1732,Piedmont,,,
784,Pitcairn Islands,,,
1626,Plateau,,,
1482,Plateau,,,
1313,Plateau-Central,,,
1057,Plateaux,,,
275,Pochalla,,,
484,Pointe Noire,,,
712,Poland (country),,,
1056,Pool,,,
1513,Port Said,,,
713,Portugal (country),,,
496,Province Oriental,,,
559,PTP Ref. Camp,,,
714,Puerto Rico,,,
237,Pugnido,,,
799,Pugnido II,,,
1689,Punjab (province) (پنجاب),,,
202,Puntland,,,
1768,Qadissiya,,,
1514,Qalyubia,,,
1847,Qandala,,,
1875,Qansax Dheere,,,
1848,Qardho,,,
715,Qatar (country),,,
1515,Qena,,,
1869,Qoryooley,,,
19,Qushtapa Camp,,,
1801,Raad,,,
1880,Rab Dhuure,,,
1593,Rabat-Salé-Kénitra,,,
97,Rachaya,,,
1701,Rakhine State,,,
1516,Red Sea,,,
1300,Relizane,,,
568,Relocation Villages,,,
263,Renk,,,
662,Republic of Korea (country),,,
680,Republic of Moldova (country),,,
123,Reyhanli,,,
336,Rhino Camp,,,
255,Rift Valley,,,
569,River Gee,,,
570,River Gee Communities,,,
1627,Rivers,,,
1141,Roblin,,,
1214,Roma,,,
716,Romania (country),,,
942,RP - Sange,,,
943,Rubenga (Rural Area),,,
1041,Rumonge,,,
944,Runingu (Rural Area),,,
945,Rusabagi (Rural Area),,,
346,Rushasha,,,
718,Russian Federation (country),,,
1042,Rutana,,,
1064,Rutshuru,,,
1043,Ruyigi,,,
834,Rwamwanja,,,
719,Rwanda (country),,,
946,Rwenena (Rural Area),,,
1889,Saakow,,,
1578,Sabha,,,
1870,Sablaale,,,
1142,Sabongari,,,
566,Saclepea Ref. Camp,,,
1702,Sagaing Region,,,
1314,Sahel,,,
87,Saida,,,
1272,Saïda,,,
783,Saint Helena,,,
731,Saint Kitts and Nevis (country),,,
667,Saint Lucia (country),,,
781,Saint Pierre et Miquelon,,,
757,Saint Vincent and the Grenadines (country),,,
1641,Saint-Louis,,,
1769,Salah al-Din,,,
470,Salamat,,,
471,Salamat,,,
1675,Samangan,,,
1215,Samba,,,
759,Samoa (country),,,
1756,Samos,,,
727,San Marino (country),,,
1825,Sanaag,,,
1216,Sandaye,,,
1217,Sandji I,,,
1218,Sandji II,,,
947,Sange (Rural Area),,,
1060,Sangha,,,
973,Sangha-Mbaéré,,,
1792,Sankuru,,,
134,Sanliurfa,,,
732,Sao Tome and Principe (country),,,
450,Saoyo,,,
1676,Sar-e Pol,,,
1733,Sardinia,,,
146,Saricam,,,
948,Sasira (Rural Area),,,
533,Sassandra Marahoue,,,
534,Sassandra Marahoue,,,
721,Saudi Arabia (country),,,
521,Savanes,,,
522,Savanes,,,
1800,Sayam Forage Refugee Camp,,,
949,Sebele (Rural Area),,,
1642,Sédhiou,,,
1437,Ségou,,,
723,Senegal (country),,,
722,Serbia (country),,,
1271,Sétif,,,
462,Settlement*,,,
297,Settlements in South Kordofan,,,
302,Settlements in White Nile,,,
724,Seychelles (country),,,
1703,Shan State,,,
1517,Sharqia,,,
175,Sheder Refugee Camp,,,
1836,Sheikh,,,
231,Sherkole,,,
1734,Sicily,,,
1274,Sidi Bel Abbes,,,
473,Sido,,,
726,Sierra Leone (country),,,
1355,Siguiri,,,
1436,Sikasso,,,
415,Sila,,,
1143,Simi,,,
1690,Sindh (province) (سندھ),,,
725,Singapore (country),,,
1579,Sirte,,,
1237,Site A,B,C,D
1238,Site A,B,C,D
1273,Skikda,,,
734,Slovakia (country),,,
735,Slovenia (country),,,
1219,Sodenou,,,
1220,Sodepa,,,
442,Soh,,,
1518,Sohag,,,
1628,Sokoto,,,
557,Solo Ref. Camp,,,
728,Solomon Islands (country),,,
800,Somali,,,
192,Somalia (country),,,
209,Somaliland,,,
1323,Somgandé,,,
1826,Sool,,,
1293,Souk Ahras,,,
1345,Soum/Autres,,,
86,Sour,,,
286,Source Yubu,,,
1144,Sourma,,,
1745,Sourou,,,
1318,Sourou/Autre,,,
1319,Sourou/Autres Sites,,,
1594,Souss-Massa,,,
1090,South,,,
1715,South Aegean,,,
717,South Africa (country),,,
792,South America,,,
199,South Central,,,
826,South Darfur,,,
296,South Kordofan,,,
85,South Lebanon,,,
89,South Lebanon,,,
1519,South Sinai,,,
259,South Sudan (country),,,
1492,South-East District,,,
950,South-Kivu,,,
1084,Southern,,,
985,Southern,,,
1532,Southern,,,
1493,Southern District,,,
1533,Southern Red Sea,,,
1091,Southwest,,,
729,Spain (country),,,
670,Sri Lanka (country),,,
911,Sud Kivu,,,
1315,Sud-Ouest,,,
1773,Sud-Ubangi,,,
295,Sudan (country),,,
1520,Suez,,,
12,Sulaymaniyah,,,
13,Sulaymaniyah Non-Camp,,,
733,Suriname (country),,,
780,Svalbard and Jan Mayen Islands,,,
736,Swaziland (country),,,
737,Sweden (country),,,
951,Swima (Rural Area),,,
738,Switzerland (country),,,
1758,Symi,,,
112,Syrian Arab Republic (country),,,
10001,Tabanovce,,,
1412,Tabareybarey (Camp) (Niger Nationals),,,
1411,Tabareybarey Refugee Camp,,,
1413,Tachemite,,,
67,Tafilah,,,
66,Tafilah Govenorate,,,
1366,Tagant,,,
742,Tajikistan (country),,,
1677,Takhar,,,
1839,Taleex,,,
1414,Tam,,,
1263,Tamanghasset,,,
1643,Tambacounda,,,
285,Tambura,,,
1009,Tandjilé,,,
1797,Tanganyka,,,
1595,Tanger-Tetouan-Al Hoceima,,,
1704,Tanintharyi Region,,,
1415,Tankademi,,,
217,Tanzania (United Republic of) (country),,,
1221,Tapare,,,
1629,Taraba,,,
1580,Tarhounah,,,
1878,Tayeeglow,,,
1417,Tazalite (Zone d'accueil)(Niger Nationals),,,
1416,Tazalite Hosting Area,,,
952,TC Monge Monge (Rural Area),,,
1418,Tchoukoudjani,,,
1432,Tchoukoutalia,,,
1264,Tébessa,,,
1447,Tessalit,,,
741,Thailand (country),,,
678,The former Yugoslav Republic of Macedonia (country),,,
1716,Thessaly,,,
1770,Thi-Qar,,,
1644,Thiès,,,
1266,Tiaret,,,
1010,Tibesti,,,
1419,Tibirgalene,,,
244,Tierkidi,,,
1420,Tigzefan (Ind. Reg.*),,,
1222,Tikolo,,,
1761,Tilos,,,
385,Timangolo,,,
1301,Timiaouine,,,
1302,Timiaouine Urban,,,
744,Timor-Leste (country),,,
1346,Tin-Hedja (hors camp),,,
1449,Tina,,,
1289,Tindouf,,,
1421,Tinfagat,,,
1294,Tipasa,,,
1367,Tiris Zemmour,,,
1290,Tissemsilt,,,
418,Tissi,,,
1267,Tizi Ouzou,,,
1265,Tlemcen,,,
1223,Tocktoyo,,,
1827,Togdheer,,,
745,Togo (country),,,
777,Tokelau,,,
1439,Tombouctou,,,
1453,Tombouctou,,,
746,Tonga (country),,,
232,Tongo,,,
1224,Tongo Gandima,,,
1236,Touboro,,,
1320,Tougan,,,
1422,Toumour,,,
1368,Trarza,,,
1736,Trentino-Alto Adige/Südtirol,,,
747,Trinidad and Tobago (country),,,
76,Tripoli,,,
1581,Tripoli (Tarabulus),,,
1777,Tshuapa,,,
1781,Tsopo,,,
748,Tunisia (country),,,
796,Turkana,,,
113,Turkey (country),,,
743,Turkmenistan (country),,,
740,Turks and Caicos Islands,,,
1735,Tuscany,,,
749,Tuvalu (country),,,
220,Uganda (country),,,
1470,Uíge,,,
751,Ukraine (country),,,
823,Um Sangor,,,
1737,Umbria,,,
750,United Arab Emirates (country),,,
634,United Kingdom (country),,,
753,United States of America (country),,,
774,United States Virgin Islands,,,
1555,Upper East,,,
1547,Upper River,,,
1556,Upper West,,,
1678,Urozgan,,,
752,Uruguay (country),,,
953,Uvira Center (Rural Area),,,
754,Uzbekistan (country),,,
981,Vakaga,,,
518,Vallee de Bandama,,,
519,Vallee de Bandama,,,
755,Vanuatu (country),,,
1740,Various,,,
1738,Veneto,,,
758,Venezuela (country),,,
730,Viet Nam (country),,,
368,Villages in Adamawa Region,,,
371,Villages in East and Adamaoua Regions,,,
387,Villages in East Region,,,
398,Villages in North Region,,,
10002,Vinojug,,,
138,Viransehir,,,
10003,Vizbegovo,,,
1557,Volta,,,
1879,Waajid,,,
992,Wadi Fira,,,
1065,Walikale,,,
782,Wallis and Futuna Islands,,,
1871,Wanla Weyn,,,
236,Wanthowa Woreda,,,
1771,Wassit,,,
1527,Wele-Nzas Province,,,
1092,West,,,
96,West Bekaa,,,
829,West Kordofan,,,
1548,Western,,,
1558,Western,,,
1085,Western,,,
986,Western,,,
1717,Western Greece,,,
1718,Western Macedonia,,,
224,Western Region,,,
760,Western Sahara (country),,,
301,White Nile,,,
1225,Wissambo,,,
1542,Woleu-Ntem,,,
211,Woqooyi Galbeed,,,
9999,World,,,
524,Woroba,,,
523,Wororba,,,
1226,Woumbou,,,
1854,Xarardheere,,,
1840,Xudun,,,
1876,Xudur,,,
1896,Yaaqshid,,,
1423,Yabal,,,
1582,Yafran,,,
357,Yamba,,,
531,Yamoussoukro,,,
1705,Yangon Region,,,
389,Yaounde,,,
366,Yarmbang,,,
121,Yayladagi Tekel,,,
122,Yayladagi Yibo,,,
293,Yei,,,
225,Yemen (country),,,
270,Yida,,,
1630,Yobe,,,
1679,Yobe,,,
378,Yokadouma,,,
1227,Yokosire,,,
1228,Yola,,,
265,Yusuf Batil,,,
53,Zaatari Refugee Camp,,,
1680,Zabul,,,
94,Zahle,,,
1471,Zaire,,,
761,Zambia (country),,,
1229,Zamboi,,,
1631,Zamfara,,,
1681,Zamfara,,,
527,Zanzan,,,
40,Zarqa,,,
39,Zarqa Governorate,,,
1230,Zembe Borongo,,,
406,Zemio,,,
1050,Zemio Camp,,,
1831,Zeylac,,,
80,Zgharta,,,
558,Ziah Ref. Camp,,,
1645,Ziguinchor,,,
762,Zimbabwe (country),,,
1583,Zliten,,,
1483,Zou,,,
